ENGINE,SIZE,MODEL,PREFIX,QUERY,BROKEN,TIME_AVG,TIME_STD,CPU_MAX_AVG,CPU_MAX_STD,CPU_AVG_AVG,CPU_AVG_STD,RSS_MAX_AVG,RSS_MAX_STD,RSS_AVG_AVG,RSS_AVG_STD
fuseki,60k,seq,fuseki-60k-seq.seq,1,0,669.5,87.8296646925,5.23,0.0458257569496,5.21972121212,0.0413535203525,1018173.6,22659.02686,1008498.94697,27101.2615068
fuseki,60k,seq,fuseki-60k-seq.seq,2,0,290.2,21.7889880444,5.3,0.0,5.3,3.5527136788e-16,1025050.8,10287.4023232,1022967.45456,10692.5552717
fuseki,60k,seq,fuseki-60k-seq.seq,3,0,284.9,7.07742891169,5.3,0.0,5.3,2.6645352591e-16,1030664.0,9278.62472568,1028758.88619,10940.1216427
virtuoso,ghostbusters,prop_time,virtuoso-ghostbusters-prop_time.prop_time,1,0,127.7,34.415258244,1.0,0.0,1.0,0.0,4451574.8,990.31800953,4451492.07739,1022.60764404
virtuoso,ghostbusters,prop_time,virtuoso-ghostbusters-prop_time.prop_time,2,0,18.2,2.08806130178,1.0,0.0,1.0,0.0,4453660.0,0.0,4453624.8,105.6
virtuoso,ghostbusters,prop_time,virtuoso-ghostbusters-prop_time.prop_time,3,0,18.9,2.21133443875,1.0,0.0,1.0,0.0,4453660.0,0.0,4453660.0,0.0
fuseki,1k,prop_number,fuseki-1k-prop_number.prop_number,1,0,38.8,20.8508992612,2.46,0.0489897948557,2.4525,0.0480234317807,396964.0,11953.4120986,395166.926061,11412.8550136
fuseki,1k,prop_number,fuseki-1k-prop_number.prop_number,2,0,40.3,3.68917334914,2.38,0.04,2.38,0.04,389284.0,4453.38810346,387817.08,4173.94496581
fuseki,1k,prop_number,fuseki-1k-prop_number.prop_number,3,0,42.1,4.54862616622,2.3,0.0,2.3,0.0,396282.0,1353.60526004,396083.053333,1146.89287451
virtuoso,1k,prop_number,virtuoso-1k-prop_number.prop_number,1,0,37.2,37.2982573319,1.2,0.0,1.2,0.0,4443640.0,0.0,4443617.12,68.6399999999
virtuoso,1k,prop_number,virtuoso-1k-prop_number.prop_number,2,0,14.7,1.73493515729,1.12,0.04,1.12,0.04,4443640.0,0.0,4443640.0,0.0
virtuoso,1k,prop_number,virtuoso-1k-prop_number.prop_number,3,0,14.5,1.43178210633,1.07,0.0458257569496,1.07,0.0458257569496,4443640.0,0.0,4443640.0,0.0
blazegraph,90k,seq,blazegraph-90k-seq.seq,1,0,1121.6,143.098707192,16.5,0.0,16.4870647653,0.0298514232102,1891891.6,40051.3862911,1869051.07956,44442.9755479
blazegraph,90k,seq,blazegraph-90k-seq.seq,2,0,693.3,29.8129166638,16.58,0.04,16.5698556999,0.0404656019362,2050817.2,36691.5873541,2042142.40929,35749.0967672
blazegraph,90k,seq,blazegraph-90k-seq.seq,3,0,711.6,27.1816114313,16.6,0.0,16.6,0.0,1987045.2,31959.767511,1980540.60909,33148.3802785
virtuoso,90k,uri,virtuoso-90k-uri.uri,1,0,582.5,41.6251126125,57.63,0.09,57.63,0.09,4644538.4,3681.73532998,4643968.61644,3730.70033432
virtuoso,90k,uri,virtuoso-90k-uri.uri,2,0,392.2,9.52680429105,57.34,0.0916515138991,57.3323076923,0.0894956281369,4650320.0,0.0,4650320.0,0.0
virtuoso,90k,uri,virtuoso-90k-uri.uri,3,0,394.9,13.8307628134,57.04,0.0916515138991,57.04,0.0916515138991,4650320.0,0.0,4650320.0,0.0
fuseki_mem,90k,prop_time,fuseki_mem-90k-prop_time.prop_time,1,0,2309.0,44.5533388199,0.3,0.0,0.3,1.66533453694e-17,9783733.6,62091.3528588,9771552.79039,62354.5719117
fuseki_mem,90k,prop_time,fuseki_mem-90k-prop_time.prop_time,2,0,612.3,42.2706754145,0.3,0.0,0.3,0.0,9877240.8,947.028700727,9876626.48149,2357.04533288
fuseki_mem,90k,prop_time,fuseki_mem-90k-prop_time.prop_time,3,0,601.0,17.0411267233,0.3,0.0,0.3,0.0,9803515.2,36585.2768113,9801952.27891,35722.4341948
fuseki,ghostbusters,list,fuseki-ghostbusters-list.list,1,0,293.3,141.048254154,2.55,0.05,2.53170454545,0.0525792642486,433257.6,25923.098716,427240.163505,26370.4978055
fuseki,ghostbusters,list,fuseki-ghostbusters-list.list,2,0,207.1,25.8396981407,2.64,0.0489897948557,2.62702786378,0.0397195765135,461242.4,7633.69167834,459627.308517,7712.54412576
fuseki,ghostbusters,list,fuseki-ghostbusters-list.list,3,0,197.4,11.0471715837,2.7,0.0,2.7,0.0,432450.0,6753.29969719,431007.543137,6345.86212163
fuseki_mem,90k,sop,fuseki_mem-90k-sop.sop,1,0,5626.4,164.642764797,0.4,0.0,0.4,0.0,11122384.4,152740.707904,11085549.3648,160695.712583
fuseki_mem,90k,sop,fuseki_mem-90k-sop.sop,2,0,4911.6,65.570115144,0.4,0.0,0.4,1.66533453694e-17,11547456.8,108668.81432,11530947.7223,106662.669432
fuseki_mem,90k,sop,fuseki_mem-90k-sop.sop,3,0,5087.6,190.314056233,0.4,0.0,0.4,1.66533453694e-17,11884452.8,87652.9675263,11867818.3698,90090.2197845
virtuoso,30k,uri,virtuoso-30k-uri.uri,1,0,275.8,36.6518758047,16.11,0.07,16.1080769231,0.0705106060258,4484152.0,1256.42922602,4484005.17833,1267.02410698
virtuoso,30k,uri,virtuoso-30k-uri.uri,2,0,144.4,12.1095004026,15.88,0.0748331477355,15.88,0.0748331477355,4486132.0,0.0,4486132.0,0.0
virtuoso,30k,uri,virtuoso-30k-uri.uri,3,0,143.5,6.84470598346,15.62,0.0748331477355,15.62,0.0748331477355,4486132.0,0.0,4486132.0,0.0
fuseki_mem,30k,seq,fuseki_mem-30k-seq.seq,1,0,628.0,55.2919523982,0.3,0.0,0.3,0.0,12052711.6,19173.0211662,12046793.4975,16458.0002172
fuseki_mem,30k,seq,fuseki_mem-30k-seq.seq,2,0,174.6,16.3658180364,0.3,0.0,0.3,0.0,12020479.2,6435.89852002,12019575.5311,5759.6788553
fuseki_mem,30k,seq,fuseki_mem-30k-seq.seq,3,0,180.0,30.8577380895,0.3,0.0,0.3,0.0,12013847.2,4220.16598726,12011803.1161,1863.19499995
fuseki,120k,list,fuseki-120k-list.list,1,10,164.0,278.426651023,0.0,0.0,0.0,0.0,0.0,0.0,0.0,0.0
fuseki,120k,list,fuseki-120k-list.list,2,10,64.8,3.21869538789,0.0,0.0,0.0,0.0,0.0,0.0,0.0,0.0
fuseki,120k,list,fuseki-120k-list.list,3,10,67.0,7.34846922835,0.0,0.0,0.0,0.0,0.0,0.0,0.0,0.0
fuseki,90k,list,fuseki-90k-list.list,1,10,113.2,144.31687358,0.0,0.0,0.0,0.0,0.0,0.0,0.0,0.0
fuseki,90k,list,fuseki-90k-list.list,2,10,69.0,7.25258574579,0.0,0.0,0.0,0.0,0.0,0.0,0.0,0.0
fuseki,90k,list,fuseki-90k-list.list,3,10,69.0,5.45893762558,0.0,0.0,0.0,0.0,0.0,0.0,0.0,0.0
blazegraph,1k,seq,blazegraph-1k-seq.seq,1,0,44.0,5.96657355607,5.51,0.07,5.502,0.0729109045342,486155.6,1577.26695267,485954.546667,1591.4237287
blazegraph,1k,seq,blazegraph-1k-seq.seq,2,0,46.6,6.91664658632,5.24,0.0916515138991,5.23833333333,0.0906917857361,481613.6,124.646058903,481596.4,116.567271946
blazegraph,1k,seq,blazegraph-1k-seq.seq,3,0,41.0,6.4652919501,4.99,0.07,4.99,0.07,481871.2,70.3545307709,481864.32,68.3934031907
blazegraph,30k,uri,blazegraph-30k-uri.uri,1,0,355.9,38.9729393297,10.5,0.0,10.4958618331,0.00983179977813,955104.8,4967.91813137,954365.52364,4477.10927249
blazegraph,30k,uri,blazegraph-30k-uri.uri,2,0,220.4,15.4738489071,10.45,0.05,10.4353952569,0.0439493389278,976202.8,3939.64832948,975275.54,4561.71913478
blazegraph,30k,uri,blazegraph-30k-uri.uri,3,0,227.5,9.64624279189,10.4,0.0,10.4,0.0,967576.4,11350.2746328,965276.194799,11975.4280956
virtuoso,1k,seq,virtuoso-1k-seq.seq,1,0,31.9,5.12737749732,1.43,0.0458257569496,1.4225,0.0394493345951,4442852.0,0.0,4442720.0,396.0
virtuoso,1k,seq,virtuoso-1k-seq.seq,2,0,19.2,1.32664991614,1.33,0.0458257569496,1.33,0.0458257569496,4443271.2,209.6,4443262.4,206.844482643
virtuoso,1k,seq,virtuoso-1k-seq.seq,3,0,21.7,2.32594066992,1.25,0.05,1.25,0.05,4443376.0,0.0,4443376.0,0.0
fuseki_mem,1k,prop_number,fuseki_mem-1k-prop_number.prop_number,1,0,38.1,3.53411940941,0.3,0.0,0.3,0.0,12962931.6,14675.8523241,12959447.38,14656.4307296
fuseki_mem,1k,prop_number,fuseki_mem-1k-prop_number.prop_number,2,0,38.9,5.80430874437,0.3,0.0,0.3,0.0,13014155.2,14669.6413371,13010139.0867,14654.2295569
fuseki_mem,1k,prop_number,fuseki_mem-1k-prop_number.prop_number,3,0,36.3,3.46554469023,0.3,0.0,0.3,0.0,13065508.4,14482.7328305,13061730.2267,14354.2302204
blazegraph,120k,prop_number,blazegraph-120k-prop_number.prop_number,1,0,1091.0,47.1868625785,18.87,0.0458257569496,18.8660737927,0.0444257403298,2208983.6,172525.016495,2174888.0795,152997.426693
blazegraph,120k,prop_number,blazegraph-120k-prop_number.prop_number,2,0,592.0,22.3651514638,18.94,0.0489897948557,18.9311548822,0.0416690957357,2553651.2,26638.0471837,2543087.08747,25350.78342
blazegraph,120k,prop_number,blazegraph-120k-prop_number.prop_number,3,0,602.9,29.1768744042,19.0,0.0,19.0,0.0,2387083.6,70988.9656879,2371770.15221,69000.6984338
virtuoso,60k,sop,virtuoso-60k-sop.sop,1,0,1043.0,39.5878769322,55.08,0.0748331477355,55.08,0.0748331477355,4697021.6,10446.163422,4695294.96259,10519.4602694
virtuoso,60k,sop,virtuoso-60k-sop.sop,2,0,898.3,60.3606660003,54.84,0.0663324958071,54.8269331605,0.0664544704799,4713416.0,0.0,4713416.0,0.0
virtuoso,60k,sop,virtuoso-60k-sop.sop,3,0,894.3,50.980486463,54.6,0.0774596669241,54.6,0.0774596669242,4713416.0,0.0,4713416.0,0.0
blazegraph,60k,sop,blazegraph-60k-sop.sop,1,0,2640.7,199.265175081,17.12,0.124899959968,17.0946360494,0.130090335551,2605308.4,571795.015546,2541529.99063,578379.342096
blazegraph,60k,sop,blazegraph-60k-sop.sop,2,0,2290.5,40.7240715057,17.48,0.0979795897113,17.4608845936,0.0982256280044,4201892.4,443506.185439,4167242.69369,447271.943249
blazegraph,60k,sop,blazegraph-60k-sop.sop,3,0,2260.4,34.5375158342,17.79,0.0830662386292,17.7719805235,0.0919104681442,5092506.0,65478.2186502,5070256.1408,89993.067657
fuseki,1k,sop,fuseki-1k-sop.sop,1,0,64.8,7.65245058788,2.38,0.04,2.37666666667,0.0472581562625,394304.0,1238.30206331,394081.952381,1219.94702182
fuseki,1k,sop,fuseki-1k-sop.sop,2,0,59.5,6.56124988093,2.35,0.05,2.34166666667,0.0478713553878,393024.8,1577.9346501,392572.919048,1494.59957644
fuseki,1k,sop,fuseki-1k-sop.sop,3,0,56.7,2.83019433962,2.3,0.0,2.3,0.0,392570.0,1218.93100707,392368.72381,1126.9057229
blazegraph,ghostbusters,prop_time,blazegraph-ghostbusters-prop_time.prop_time,1,0,124.6,22.4686448189,5.12,0.04,5.10390909091,0.00910952639133,433068.4,6789.06048287,432294.205967,6070.30297614
blazegraph,ghostbusters,prop_time,blazegraph-ghostbusters-prop_time.prop_time,2,0,75.5,8.90224690738,5.1,0.0,5.1,0.0,413559.2,5095.98518051,412788.603968,4734.56496523
blazegraph,ghostbusters,prop_time,blazegraph-ghostbusters-prop_time.prop_time,3,0,71.5,7.10281634283,5.1,0.0,5.1,0.0,398051.2,4742.41990549,397142.616667,4469.54100431
virtuoso,30k,list,virtuoso-30k-list.list,1,0,13064.5,86.8219442307,5.03,1.60003124969,4.73852649504,1.60871240906,4479690.4,1283.59395449,4479285.65726,1338.61214424
virtuoso,30k,list,virtuoso-30k-list.list,2,0,12804.7,168.204072483,10.11,1.3389921583,9.86203438863,1.34915483121,4481644.0,0.0,4481644.0,0.0
virtuoso,30k,list,virtuoso-30k-list.list,3,0,12888.8,171.790453751,14.46,1.17064085013,14.224275174,1.17041322295,4481644.0,0.0,4481644.0,0.0
fuseki,90k,prop_number,fuseki-90k-prop_number.prop_number,1,0,1349.4,613.112257258,6.45,0.05,6.43065253672,0.0640624048048,1549596.8,103300.441537,1529776.67682,106362.381994
fuseki,90k,prop_number,fuseki-90k-prop_number.prop_number,2,0,761.5,17.8395627749,6.58,0.04,6.57470588235,0.0405028940826,1623422.4,50096.6458981,1618843.94277,49231.506052
fuseki,90k,prop_number,fuseki-90k-prop_number.prop_number,3,0,755.2,19.5028203089,6.67,0.0458257569496,6.66151839465,0.0443203661006,1383311.2,77762.2187914,1373234.08783,77289.8289943
fuseki_mem,ghostbusters,uri,fuseki_mem-ghostbusters-uri.uri,1,0,191.9,17.6660691723,0.3,0.0,0.3,0.0,12728381.6,23595.3211769,12719869.0401,6727.79310558
fuseki_mem,ghostbusters,uri,fuseki_mem-ghostbusters-uri.uri,2,0,98.8,6.12862137842,0.3,0.0,0.3,0.0,12718640.8,14377.5791898,12712412.0347,13385.8157375
fuseki_mem,ghostbusters,uri,fuseki_mem-ghostbusters-uri.uri,3,0,92.5,7.55314504031,0.3,0.0,0.3,0.0,12745524.0,11446.2775783,12741964.3281,11825.9678311
fuseki,30k,prop_time,fuseki-30k-prop_time.prop_time,1,0,461.6,128.879168216,3.27,0.0640312423743,3.25618305745,0.052522630134,621778.8,33231.050687,616205.249145,34073.1795012
fuseki,30k,prop_time,fuseki-30k-prop_time.prop_time,2,0,288.3,15.4146034655,3.4,0.0,3.3975862069,0.00724137931034,655693.6,16878.636362,653245.597069,18198.7669301
fuseki,30k,prop_time,fuseki-30k-prop_time.prop_time,3,0,284.4,17.065755184,3.49,0.03,3.47884259259,0.0349296581506,583672.4,20996.9027392,579982.961753,20970.7888648
virtuoso,90k,seq,virtuoso-90k-seq.seq,1,0,650.6,28.2920483528,56.76,0.0916515138991,56.76,0.0916515138991,4657580.0,3791.41134672,4656989.66072,3768.42205432
virtuoso,90k,seq,virtuoso-90k-seq.seq,2,0,484.9,53.2962475227,56.49,0.0830662386292,56.4852199546,0.0803539085121,4663520.0,0.0,4663520.0,0.0
virtuoso,90k,seq,virtuoso-90k-seq.seq,3,0,448.2,19.2551291868,56.2,0.0774596669241,56.2,0.0774596669241,4663520.0,0.0,4663520.0,0.0
fuseki_mem,90k,seq,fuseki_mem-90k-seq.seq,1,0,1800.3,29.6717036922,0.3,0.0,0.3,0.0,9862039.2,25472.8541817,9857828.48249,24964.4501906
fuseki_mem,90k,seq,fuseki_mem-90k-seq.seq,2,0,386.1,28.2964662105,0.3,0.0,0.3,0.0,9904694.8,90.881021121,9904680.13658,93.4463787666
fuseki_mem,90k,seq,fuseki_mem-90k-seq.seq,3,0,384.2,15.1182009512,0.3,0.0,0.3,0.0,9898627.6,10564.7612675,9896937.10336,10983.4787462
blazegraph,60k,prop_number,blazegraph-60k-prop_number.prop_number,1,0,603.2,34.1021993426,14.38,0.04,14.3725762712,0.0397757142034,1642294.4,36095.4930018,1632827.21488,34658.435099
blazegraph,60k,prop_number,blazegraph-60k-prop_number.prop_number,2,0,350.2,22.771912524,14.45,0.05,14.4374973118,0.0424533274464,1695388.8,26717.4878939,1688250.956,30611.3570902
blazegraph,60k,prop_number,blazegraph-60k-prop_number.prop_number,3,0,354.6,13.4699665924,14.5,0.0,14.5,0.0,1562031.6,39643.9914217,1555478.25431,38230.5606335
fuseki_mem,30k,prop_time,fuseki_mem-30k-prop_time.prop_time,1,0,770.6,37.4625145979,0.3,0.0,0.3,0.0,12269775.6,20879.3270734,12266017.7273,20419.2391697
fuseki_mem,30k,prop_time,fuseki_mem-30k-prop_time.prop_time,2,0,291.1,75.8913038497,0.3,0.0,0.3,0.0,12221818.0,8475.75313468,12221144.6727,8204.47722965
fuseki_mem,30k,prop_time,fuseki_mem-30k-prop_time.prop_time,3,0,269.2,32.8749144486,0.3,0.0,0.3,0.0,12185081.6,18475.2,12182871.913,14898.9875232
fuseki_mem,120k,list,fuseki_mem-120k-list.list,1,10,65.1,13.8452157802,0.0,0.0,0.0,0.0,0.0,0.0,0.0,0.0
fuseki_mem,120k,list,fuseki_mem-120k-list.list,2,10,54.7,3.37786915081,0.0,0.0,0.0,0.0,0.0,0.0,0.0,0.0
fuseki_mem,120k,list,fuseki_mem-120k-list.list,3,10,57.6,4.77912125814,0.0,0.0,0.0,0.0,0.0,0.0,0.0,0.0
fuseki,60k,prop_number,fuseki-60k-prop_number.prop_number,1,0,915.1,113.336181337,5.41,0.07,5.3920925859,0.0605870894939,1101351.6,52064.151458,1094272.37197,56132.6077045
fuseki,60k,prop_number,fuseki-60k-prop_number.prop_number,2,0,511.9,29.8343761456,5.5,0.0,5.5,0.0,1151963.2,34114.7089825,1147270.75821,34068.0344195
fuseki,60k,prop_number,fuseki-60k-prop_number.prop_number,3,0,510.9,15.4819249449,5.59,0.03,5.58044489383,0.0336784560513,1035915.6,21623.9304068,1030494.61741,21044.1426148
blazegraph,60k,prop_time,blazegraph-60k-prop_time.prop_time,1,0,587.0,53.2033833511,12.42,0.06,12.4114702381,0.0587229339521,3000394.0,70155.4077688,2990949.34727,62971.3907659
blazegraph,60k,prop_time,blazegraph-60k-prop_time.prop_time,2,0,317.8,17.6737092881,12.54,0.0489897948557,12.5290730441,0.0390969460814,3011092.0,47727.9182031,3007888.91006,46201.2007036
blazegraph,60k,prop_time,blazegraph-60k-prop_time.prop_time,3,0,325.7,24.335365212,12.65,0.05,12.6338386243,0.0428854117526,2905380.4,10077.7079061,2893638.475,35688.2629352
blazegraph,90k,sop,blazegraph-90k-sop.sop,1,0,3809.0,256.843142793,19.29,0.13,19.2740257454,0.127617914714,3545604.4,740968.755017,3452096.97146,757379.487395
blazegraph,90k,sop,blazegraph-90k-sop.sop,2,0,3381.2,171.525974709,19.68,0.0979795897113,19.6647359255,0.101066721478,5329165.2,224259.700198,5289934.74482,244275.22232
blazegraph,90k,sop,blazegraph-90k-sop.sop,3,0,3362.6,160.727222336,20.05,0.10246950766,20.0200805543,0.104027068212,5454728.4,11787.1005358,5452694.04711,12165.5293954
fuseki,120k,uri,fuseki-120k-uri.uri,1,0,981.6,110.755767344,8.75,0.05,8.739,0.0452693328866,1981842.0,12588.846778,1975442.46442,14974.0020042
fuseki,120k,uri,fuseki-120k-uri.uri,2,0,460.7,14.5468209585,8.8,0.0,8.8,0.0,1854098.8,64378.76875,1841572.2329,60937.5449049
fuseki,120k,uri,fuseki-120k-uri.uri,3,0,471.6,24.8684539125,8.8,0.0,8.8,0.0,1644656.8,62058.7487544,1637884.65823,54905.7952234
virtuoso,120k,prop_number,virtuoso-120k-prop_number.prop_number,1,0,343.9,65.4025228871,69.55,0.05,69.55,0.05,4817042.4,5023.56692401,4816405.60072,5004.30641592
virtuoso,120k,prop_number,virtuoso-120k-prop_number.prop_number,2,0,36.6,6.34350061086,69.35,0.05,69.35,0.05,4824936.0,0.0,4824936.0,0.0
virtuoso,120k,prop_number,virtuoso-120k-prop_number.prop_number,3,0,35.3,2.41039415864,69.14,0.0663324958071,69.14,0.0663324958071,4824936.0,0.0,4824936.0,0.0
fuseki_mem,60k,prop_time,fuseki_mem-60k-prop_time.prop_time,1,0,1540.8,40.9091676767,0.3,0.0,0.3,0.0,11072810.0,53336.1673389,11064411.356,53999.8394779
fuseki_mem,60k,prop_time,fuseki_mem-60k-prop_time.prop_time,2,0,470.3,59.2436494487,0.3,0.0,0.3,0.0,10924612.4,31955.8373985,10921821.0293,31314.2808295
fuseki_mem,60k,prop_time,fuseki_mem-60k-prop_time.prop_time,3,0,467.3,36.7125319203,0.3,0.0,0.3,0.0,10821807.2,32637.7962884,10814087.4729,28754.2328171
fuseki_mem,60k,seq,fuseki_mem-60k-seq.seq,1,0,1235.3,47.1339580345,0.3,0.0,0.3,1.66533453694e-17,10224077.6,90838.9940622,10205850.4257,93607.5915588
fuseki_mem,60k,seq,fuseki_mem-60k-seq.seq,2,0,293.2,18.3782480123,0.3,0.0,0.3,0.0,9984898.0,35533.0160949,9978757.97714,33405.2316386
fuseki_mem,60k,seq,fuseki_mem-60k-seq.seq,3,0,284.6,20.7036228714,0.3,0.0,0.3,0.0,9868138.4,33333.0301629,9866052.56641,32074.2346198
blazegraph,ghostbusters,list,blazegraph-ghostbusters-list.list,1,0,10956.0,1248.56453578,5.31,0.122065556157,5.2743441045,0.121561627247,481027.6,42153.52563,473294.172708,42708.4203824
blazegraph,ghostbusters,list,blazegraph-ghostbusters-list.list,2,0,12442.3,1398.1527134,5.72,0.107703296143,5.68704690327,0.107304497736,516708.0,13236.7666142,512329.460775,13200.8348549
blazegraph,ghostbusters,list,blazegraph-ghostbusters-list.list,3,0,12232.1,1138.5463056,6.0,0.0774596669241,5.97136478734,0.0702347674097,479330.4,9160.25086119,477797.255941,9277.46232191
fuseki,30k,sop,fuseki-30k-sop.sop,1,0,1333.4,105.866141896,3.95,0.15,3.92089477781,0.13832346587,1011497.6,207488.105423,972691.922749,205853.748147
fuseki,30k,sop,fuseki-30k-sop.sop,2,0,1103.3,42.1498517198,4.34,0.0916515138991,4.31760335606,0.0897519555663,1517840.4,90317.3439016,1500630.91147,93925.8278157
fuseki,30k,sop,fuseki-30k-sop.sop,3,0,1103.6,34.059359947,4.65,0.10246950766,4.64012871101,0.0982224103243,1515844.8,39695.5543627,1510026.95046,45903.9695438
virtuoso,30k,prop_number,virtuoso-30k-prop_number.prop_number,1,0,161.9,31.9325852383,14.77,0.0640312423743,14.77,0.0640312423743,4496925.6,1284.9506761,4496651.86741,1617.34967928
virtuoso,30k,prop_number,virtuoso-30k-prop_number.prop_number,2,0,19.1,1.92093727123,14.55,0.080622577483,14.55,0.080622577483,4498800.0,0.0,4498800.0,0.0
virtuoso,30k,prop_number,virtuoso-30k-prop_number.prop_number,3,0,19.6,2.33238075794,14.31,0.07,14.31,0.07,4498800.0,0.0,4498800.0,0.0
fuseki_mem,ghostbusters,list,fuseki_mem-ghostbusters-list.list,1,0,217.6,9.8,0.3,0.0,0.3,0.0,12884624.8,96808.3541155,12868471.1965,94597.9271441
fuseki_mem,ghostbusters,list,fuseki_mem-ghostbusters-list.list,2,0,165.2,9.62081077664,0.3,0.0,0.3,0.0,12750324.0,8249.41791886,12747986.6667,6953.41194745
fuseki_mem,ghostbusters,list,fuseki_mem-ghostbusters-list.list,3,0,165.8,8.72696969171,0.3,0.0,0.3,0.0,12780925.2,9495.03989249,12778037.7716,8853.15562321
virtuoso,ghostbusters,seq,virtuoso-ghostbusters-seq.seq,1,0,163.1,24.0102061632,1.9,0.0,1.9,0.0,4460656.0,461.05617879,4460597.96807,475.524631815
virtuoso,ghostbusters,seq,virtuoso-ghostbusters-seq.seq,2,0,67.3,4.96084670192,1.9,0.0,1.9,0.0,4461316.0,0.0,4461316.0,0.0
virtuoso,ghostbusters,seq,virtuoso-ghostbusters-seq.seq,3,0,63.3,1.95192212959,1.9,0.0,1.9,1.01753620973e-16,4461316.0,0.0,4461316.0,0.0
blazegraph,30k,sop,blazegraph-30k-sop.sop,1,0,1439.4,146.289575842,10.99,0.207123151772,10.9617465943,0.204364997524,1318978.0,223887.133024,1274070.18422,223811.990985
blazegraph,30k,sop,blazegraph-30k-sop.sop,2,0,1267.2,103.131760384,11.59,0.157797338381,11.5572797859,0.153494755819,2068238.4,192802.613627,2040603.8413,197556.320274
blazegraph,30k,sop,blazegraph-30k-sop.sop,3,0,1224.4,60.4734652554,12.1,0.141421356237,12.0758735554,0.140581211236,2661182.8,134840.101074,2637159.94128,143908.712732
fuseki_mem,1k,seq,fuseki_mem-1k-seq.seq,1,0,32.8,2.78567765544,0.3,0.0,0.3,0.0,12814564.8,14696.9604259,12811132.4533,14548.4922709
fuseki_mem,1k,seq,fuseki_mem-1k-seq.seq,2,0,29.2,1.83303027798,0.3,0.0,0.3,0.0,12860690.0,14684.4402277,12857318.4,14191.3380497
fuseki_mem,1k,seq,fuseki_mem-1k-seq.seq,3,0,28.9,1.64012194669,0.3,0.0,0.3,0.0,12912018.4,14868.1251757,12908466.28,14929.1404216
fuseki,ghostbusters,uri,fuseki-ghostbusters-uri.uri,1,0,119.2,37.8676643061,2.7,0.0,2.7,1.33226762955e-16,418478.8,2072.07725725,418085.560791,2033.01522482
fuseki,ghostbusters,uri,fuseki-ghostbusters-uri.uri,2,0,96.8,8.93084542471,2.7,0.0,2.7,1.33226762955e-16,410321.6,2673.47336624,409907.046667,2575.63179909
fuseki,ghostbusters,uri,fuseki-ghostbusters-uri.uri,3,0,93.7,8.47407812095,2.7,0.0,2.7,0.0,403728.8,1588.45011253,403213.892121,1567.69332386
blazegraph,90k,list,blazegraph-90k-list.list,1,0,137400.1,8263.66433793,15.24,0.156204993518,15.2015579287,0.162657093438,2833868.8,228622.22478,2627187.24269,252379.257282
blazegraph,90k,list,blazegraph-90k-list.list,2,0,146513.7,8372.73919396,15.78,0.116619037897,15.7351602532,0.114318907167,2195865.2,243975.738997,2080990.8036,276872.568108
blazegraph,90k,list,blazegraph-90k-list.list,3,0,139785.7,3499.00651757,16.17,0.09,16.1359201537,0.107987696369,1731283.2,192501.469591,1659677.76921,152049.469118
fuseki,1k,uri,fuseki-1k-uri.uri,1,0,26.9,4.36921045499,3.48,0.0979795897113,3.48,0.0979795897113,423739.2,10467.1076119,420777.28,8691.60959234
fuseki,1k,uri,fuseki-1k-uri.uri,2,0,35.2,2.74954541697,3.2,0.0774596669241,3.19,0.074966659256,413418.0,1889.84591965,413006.56,1589.2405351
fuseki,1k,uri,fuseki-1k-uri.uri,3,0,35.4,2.28910462845,2.97,0.0640312423743,2.97,0.0640312423743,417302.0,1329.725686,416794.4,1455.79718368
fuseki,120k,prop_number,fuseki-120k-prop_number.prop_number,1,0,2346.0,415.368511084,9.24,0.111355287257,9.21126863202,0.115266760359,2102171.2,247906.594486,2051129.41457,223394.949614
fuseki,120k,prop_number,fuseki-120k-prop_number.prop_number,2,0,1664.9,76.4113211507,9.51,0.07,9.49651461005,0.0672629088315,2624580.8,47844.9789315,2607270.04589,46540.3476813
fuseki,120k,prop_number,fuseki-120k-prop_number.prop_number,3,0,1635.7,139.181931299,9.71,0.07,9.69425133462,0.0667449746497,2354805.2,107497.885479,2333183.01247,108611.98155
blazegraph,60k,list,blazegraph-60k-list.list,1,0,94679.1,5569.88162262,13.04,0.111355287257,13.0013763363,0.131212719853,3118535.2,111704.276341,3066386.87755,145068.551986
blazegraph,60k,list,blazegraph-60k-list.list,2,0,100490.6,6179.62856813,13.4,0.1,13.3521373662,0.0890758108975,2118618.0,403937.884362,2017032.10625,416507.195998
blazegraph,60k,list,blazegraph-60k-list.list,3,0,101697.9,1982.70665758,13.91,0.137477270849,13.8686639268,0.146159914693,1747812.8,157649.691423,1681313.56293,171631.770407
virtuoso,60k,prop_number,virtuoso-60k-prop_number.prop_number,1,0,215.6,27.2697634753,36.58,0.0979795897113,36.5741935484,0.09224904084,4578944.8,2501.18231243,4578661.9607,2513.54293989
virtuoso,60k,prop_number,virtuoso-60k-prop_number.prop_number,2,0,27.0,4.12310562562,36.25,0.10246950766,36.25,0.10246950766,4582852.0,0.0,4582852.0,0.0
virtuoso,60k,prop_number,virtuoso-60k-prop_number.prop_number,3,0,27.2,2.99332590942,35.92,0.0979795897113,35.92,0.0979795897113,4582852.0,0.0,4582852.0,0.0
blazegraph,ghostbusters,uri,blazegraph-ghostbusters-uri.uri,1,0,130.0,16.5831239518,6.1,0.0,6.09363636364,0.0190909090909,459277.2,134.391071132,459246.770629,59.2481877444
blazegraph,ghostbusters,uri,blazegraph-ghostbusters-uri.uri,2,0,87.9,8.72295821382,6.0,0.0,6.0,0.0,458954.4,746.375133562,458724.28,974.306889275
blazegraph,ghostbusters,uri,blazegraph-ghostbusters-uri.uri,3,0,86.9,10.3097041665,5.93,0.0458257569496,5.9225,0.0394493345951,452404.0,2128.71115936,452082.472929,2048.6953749
virtuoso,1k,prop_time,virtuoso-1k-prop_time.prop_time,1,0,49.0,77.0090903725,5.11,0.613921819127,5.0937037037,0.586314077548,4434028.0,132.0,4433331.85185,2077.17730598
virtuoso,1k,prop_time,virtuoso-1k-prop_time.prop_time,2,0,14.0,2.0,3.58,0.324961536185,3.58,0.324961536185,4434160.0,0.0,4434160.0,0.0
virtuoso,1k,prop_time,virtuoso-1k-prop_time.prop_time,3,0,15.2,2.35796522451,2.76,0.190787840283,2.76,0.190787840283,4434160.0,0.0,4434160.0,0.0
virtuoso,60k,uri,virtuoso-60k-uri.uri,1,0,433.6,29.2479059079,38.52,0.0979795897113,38.5051412246,0.0903801369224,4559699.2,2524.06643336,4558920.67919,3361.35989336
virtuoso,60k,uri,virtuoso-60k-uri.uri,2,0,282.1,35.5259060405,38.18,0.0979795897113,38.1559045584,0.100421260499,4563580.0,0.0,4563580.0,0.0
virtuoso,60k,uri,virtuoso-60k-uri.uri,3,0,275.5,9.15696456256,37.83,0.11,37.8203703704,0.0982878111831,4563580.0,0.0,4563580.0,0.0
fuseki,60k,uri,fuseki-60k-uri.uri,1,0,597.3,33.6572429055,5.13,0.0458257569496,5.11892857143,0.0349945331007,1286666.4,36920.9147102,1277054.29511,36333.0527399
fuseki,60k,uri,fuseki-60k-uri.uri,2,0,231.5,8.74356906532,5.2,0.0,5.2,0.0,1184499.6,23275.3459575,1179230.23234,24628.4083599
fuseki,60k,uri,fuseki-60k-uri.uri,3,0,228.9,10.0742245359,5.2,0.0,5.18953178401,0.0147802503806,1093551.2,26310.5707608,1091737.1804,25375.61977
virtuoso,30k,seq,virtuoso-30k-seq.seq,1,0,301.9,45.7087518972,15.41,0.07,15.4096774194,0.0695907465711,4489141.6,1289.01227302,4488958.88236,1304.79509815
virtuoso,30k,seq,virtuoso-30k-seq.seq,2,0,173.9,27.7721083103,15.21,0.07,15.20125,0.0759214231953,4491382.0,78.0,4491378.94118,77.5186996081
virtuoso,30k,seq,virtuoso-30k-seq.seq,3,0,161.5,6.48459713475,14.99,0.07,14.9847058824,0.0710377841856,4491408.0,0.0,4491408.0,0.0
blazegraph,30k,prop_time,blazegraph-30k-prop_time.prop_time,1,0,324.5,46.0092382028,6.78,0.06,6.77157549858,0.0569830598212,742586.4,25908.3082396,736051.949896,22913.1736387
blazegraph,30k,prop_time,blazegraph-30k-prop_time.prop_time,2,0,176.5,11.7239071985,6.92,0.04,6.90847058824,0.0218133707836,706682.8,15257.3754021,703471.76366,16776.4753877
blazegraph,30k,prop_time,blazegraph-30k-prop_time.prop_time,3,0,181.0,4.04969134626,7.02,0.04,7.00779411765,0.0167937055682,637943.6,21469.1610977,634325.025,20612.5317236
virtuoso,1k,sop,virtuoso-1k-sop.sop,1,0,93.2,57.4417966293,1.02,0.04,1.00932692308,0.0199576567294,4448418.4,184.8,4448070.05538,1088.32690362
virtuoso,1k,sop,virtuoso-1k-sop.sop,2,0,31.0,1.94935886896,1.0,0.0,1.0,0.0,4448656.0,0.0,4448656.0,0.0
virtuoso,1k,sop,virtuoso-1k-sop.sop,3,0,34.8,4.35430821142,1.0,0.0,1.0,0.0,4448656.0,0.0,4448656.0,0.0
fuseki_mem,1k,list,fuseki_mem-1k-list.list,1,0,36.8,5.77581163128,0.3,0.0,0.3,0.0,12968048.4,13147.4676436,12964971.22,12776.0278004
fuseki_mem,1k,list,fuseki_mem-1k-list.list,2,0,34.4,10.3460137251,0.3,0.0,0.3,0.0,13018177.6,14588.284856,13014489.3,14764.7512343
fuseki_mem,1k,list,fuseki_mem-1k-list.list,3,0,32.7,2.9,0.3,0.0,0.3,0.0,13065263.2,13342.706628,13061899.1,13066.3522323
fuseki_mem,60k,sop,fuseki_mem-60k-sop.sop,1,0,3770.1,163.537426909,0.3,0.0,0.3,0.0,10059657.6,137333.392032,10028707.4028,141162.837069
fuseki_mem,60k,sop,fuseki_mem-60k-sop.sop,2,0,3306.6,139.069191412,0.3,0.0,0.3,0.0,10411577.6,70962.7605822,10395161.6063,79154.2498834
fuseki_mem,60k,sop,fuseki_mem-60k-sop.sop,3,0,3282.4,80.2037405611,0.38,0.04,0.371557093426,0.0436328749894,10651262.4,78380.7774026,10631716.9997,79309.7534628
blazegraph,120k,uri,blazegraph-120k-uri.uri,1,0,1337.4,115.569200049,18.58,0.04,18.5724759887,0.0404135345702,1827422.0,110651.186741,1803478.82734,117693.033976
blazegraph,120k,uri,blazegraph-120k-uri.uri,2,0,830.5,40.7559811561,18.6,0.0,18.6,0.0,2085844.0,36333.7204481,2075927.19291,31473.790566
blazegraph,120k,uri,blazegraph-120k-uri.uri,3,0,840.0,44.7280672509,18.63,0.0458257569496,18.6222705314,0.0362495609053,2064779.6,51945.2167561,2053589.61616,54804.6064782
fuseki_mem,ghostbusters,prop_number,fuseki_mem-ghostbusters-prop_number.prop_number,1,0,214.7,12.9849913362,0.3,0.0,0.3,0.0,12653464.4,37188.6239573,12647057.7512,36675.4753294
fuseki_mem,ghostbusters,prop_number,fuseki_mem-ghostbusters-prop_number.prop_number,2,0,118.8,6.46219776856,0.3,0.0,0.3,0.0,12558538.8,6268.51179787,12556345.7431,6318.63193908
fuseki_mem,ghostbusters,prop_number,fuseki_mem-ghostbusters-prop_number.prop_number,3,0,123.0,7.83581520966,0.3,0.0,0.3,0.0,12586378.0,9724.12328182,12583598.2832,9713.90077721
fuseki,90k,uri,fuseki-90k-uri.uri,1,0,675.3,52.4805678323,6.01,0.03,6.00305084746,0.00915254237288,1332875.2,24447.6225625,1326943.35604,22855.6013966
fuseki,90k,uri,fuseki-90k-uri.uri,2,0,329.2,10.5052367893,6.1,0.0,6.08892355042,0.0135730761371,1239969.2,35317.2474601,1231991.68992,35301.4771491
fuseki,90k,uri,fuseki-90k-uri.uri,3,0,340.2,17.3769962882,6.1,0.0,6.1,0.0,1108980.8,37517.7064032,1106887.99374,36859.5810608
fuseki,30k,prop_number,fuseki-30k-prop_number.prop_number,1,0,435.3,92.3158166297,3.56,0.0489897948557,3.55131868132,0.0465188341657,677799.6,14295.7180106,673668.972693,13612.0525078
fuseki,30k,prop_number,fuseki-30k-prop_number.prop_number,2,0,275.5,10.3850854594,3.6,0.0,3.6,1.7763568394e-16,660773.6,17363.2760227,657702.162596,16495.9269751
fuseki,30k,prop_number,fuseki-30k-prop_number.prop_number,3,0,285.0,11.9079805173,3.7,0.0,3.68249230769,0.0305079522081,628531.6,3905.80222746,627179.738872,2774.92273461
blazegraph,30k,list,blazegraph-30k-list.list,1,0,50530.5,5053.50338379,8.08,0.46,7.98420136376,0.503879750315,859930.8,122411.716028,803668.72784,130961.522096
blazegraph,30k,list,blazegraph-30k-list.list,2,0,51812.6,4031.80684557,9.27,0.31,9.21218799918,0.298667576497,834612.4,81533.7928165,802845.246024,92010.1581823
blazegraph,30k,list,blazegraph-30k-list.list,3,0,52707.1,6624.79271298,10.14,0.245764114549,10.0753741229,0.238412211565,847591.6,82320.428307,804250.61882,85146.5579518
fuseki_mem,ghostbusters,prop_time,fuseki_mem-ghostbusters-prop_time.prop_time,1,0,244.3,40.5513255024,0.3,0.0,0.3,0.0,13148695.2,199914.300501,13126234.4206,193885.114082
fuseki_mem,ghostbusters,prop_time,fuseki_mem-ghostbusters-prop_time.prop_time,2,0,115.6,4.69467783772,0.3,0.0,0.3,0.0,12870287.6,11883.2984579,12866592.0727,11589.0002127
fuseki_mem,ghostbusters,prop_time,fuseki_mem-ghostbusters-prop_time.prop_time,3,0,120.7,8.94483090953,0.3,0.0,0.3,0.0,12911083.2,11904.3010446,12907431.5724,11566.7933138
virtuoso,120k,sop,virtuoso-120k-sop.sop,1,0,2035.9,96.423492988,68.42,0.06,68.42,0.06,4990305.6,19292.6749374,4987084.095,19313.7065581
virtuoso,120k,sop,virtuoso-120k-sop.sop,2,0,1706.8,56.2775265981,68.25,0.05,68.25,0.05,5020560.0,0.0,5020560.0,0.0
virtuoso,120k,sop,virtuoso-120k-sop.sop,3,0,1734.6,81.6531689526,68.08,0.06,68.08,0.06,5020560.0,0.0,5020560.0,0.0
virtuoso,1k,list,virtuoso-1k-list.list,1,0,88.5,63.9175249834,2.43,0.09,2.41625,0.0766587405323,4438971.2,120.979998347,4438622.3913,1012.00453031
virtuoso,1k,list,virtuoso-1k-list.list,2,0,59.0,5.23450093132,2.21,0.07,2.19571428571,0.07,4439156.0,0.0,4439156.0,0.0
virtuoso,1k,list,virtuoso-1k-list.list,3,0,58.7,2.93428015022,2.04,0.0489897948557,2.03142857143,0.045084953823,4439156.0,0.0,4439156.0,0.0
fuseki_mem,ghostbusters,seq,fuseki_mem-ghostbusters-seq.seq,1,0,193.5,15.3443800787,0.3,0.0,0.3,0.0,12692117.6,107363.895402,12684450.1915,103823.060006
fuseki_mem,ghostbusters,seq,fuseki_mem-ghostbusters-seq.seq,2,0,95.7,6.66408283262,0.3,0.0,0.3,0.0,12588430.8,11457.187236,12584876.4145,11777.1648349
fuseki_mem,ghostbusters,seq,fuseki_mem-ghostbusters-seq.seq,3,0,100.5,13.5295971854,0.3,0.0,0.3,0.0,12629219.6,11521.6504998,12625572.3544,11848.0320485
fuseki_mem,120k,uri,fuseki_mem-120k-uri.uri,1,0,3132.5,1877.83083636,0.4,0.0,0.4,2.22044604925e-17,10452172.8,75901.2789099,10440261.6637,76221.2589955
fuseki_mem,120k,uri,fuseki_mem-120k-uri.uri,2,0,426.9,22.4919985773,0.4,0.0,0.4,0.0,10564038.4,30.7349963397,10564030.8222,35.5533402088
fuseki_mem,120k,uri,fuseki_mem-120k-uri.uri,3,0,422.8,15.8101233392,0.4,0.0,0.4,0.0,10564054.4,3.2,10564053.4927,3.83366516563
blazegraph,30k,seq,blazegraph-30k-seq.seq,1,0,402.9,28.7730776943,10.43,0.0458257569496,10.4114379085,0.0222377156678,951210.0,12819.0497308,948061.699502,13620.7828558
blazegraph,30k,seq,blazegraph-30k-seq.seq,2,0,243.9,19.5061528754,10.45,0.05,10.4208028252,0.0268977605525,978951.2,7499.97051728,976304.833778,6795.64329967
blazegraph,30k,seq,blazegraph-30k-seq.seq,3,0,248.3,17.955779014,10.4,0.0,10.4,0.0,955389.6,7725.83824837,953944.03147,8182.75111728
fuseki,1k,list,fuseki-1k-list.list,1,0,66.5,56.8159308645,4.4,0.331662479036,4.35898484848,0.349070890959,370964.4,10598.2972897,369003.559394,11238.4539523
fuseki,1k,list,fuseki-1k-list.list,2,0,36.7,2.41039415864,4.3,0.141421356237,4.3,0.141421356237,388916.0,5002.08052714,387636.24,5018.16721427
fuseki,1k,list,fuseki-1k-list.list,3,0,37.2,2.4819347292,3.85,0.10246950766,3.842,0.108977061807,403911.6,7774.11509048,401975.0,6688.74953515
fuseki,90k,seq,fuseki-90k-seq.seq,1,0,972.1,175.51492814,6.22,0.06,6.20697151899,0.0605068323459,1255166.8,107621.850451,1239033.29862,105353.923045
fuseki,90k,seq,fuseki-90k-seq.seq,2,0,389.6,9.068627239,6.3,0.0,6.3,0.0,1455240.4,18332.2348185,1453286.94297,17995.5266609
fuseki,90k,seq,fuseki-90k-seq.seq,3,0,405.8,57.1538275184,6.3,0.0,6.3,0.0,1442315.6,29664.7846417,1439353.36774,29856.5363523
blazegraph,90k,prop_number,blazegraph-90k-prop_number.prop_number,1,0,839.6,38.1947640391,16.67,0.0458257569496,16.6677333333,0.0448357000614,1841488.0,34312.2219158,1831033.95067,33804.391056
blazegraph,90k,prop_number,blazegraph-90k-prop_number.prop_number,2,0,470.2,17.2673101553,16.76,0.0489897948557,16.7513333333,0.0457847891071,1903242.0,26281.5821289,1898578.52479,25869.627086
blazegraph,90k,prop_number,blazegraph-90k-prop_number.prop_number,3,0,477.5,16.9248338249,16.82,0.04,16.8091717172,0.0201387291403,1856297.6,52212.3241605,1843450.0734,52370.741837
blazegraph,60k,seq,blazegraph-60k-seq.seq,1,0,746.4,43.6879846182,14.23,0.0458257569496,14.2160040331,0.0324408877461,1680454.4,25564.8,1670640.2578,20094.4525825
blazegraph,60k,seq,blazegraph-60k-seq.seq,2,0,480.7,35.3724469043,14.3,0.0,14.3,1.32930373794e-15,1698377.6,5945.88858288,1696154.1382,4701.33689409
blazegraph,60k,seq,blazegraph-60k-seq.seq,3,0,489.1,34.6105475253,14.3,0.0,14.3,1.06581410364e-15,1664053.2,16751.0489749,1661583.6257,16052.5999326
virtuoso,120k,uri,virtuoso-120k-uri.uri,1,0,764.9,50.7768648107,70.77,0.0640312423743,70.77,0.0640312423743,4782141.6,5023.56692401,4781364.95053,5010.23323604
virtuoso,120k,uri,virtuoso-120k-uri.uri,2,0,543.4,28.6153804797,70.57,0.0640312423743,70.5651785714,0.0634029167069,4790088.0,0.0,4790088.0,0.0
virtuoso,120k,uri,virtuoso-120k-uri.uri,3,0,533.1,13.8162947276,70.35,0.05,70.35,0.05,4790088.0,0.0,4790088.0,0.0
fuseki_mem,1k,uri,fuseki_mem-1k-uri.uri,1,0,34.9,12.5015998976,0.3,0.0,0.3,0.0,12808397.2,188232.954573,12793757.7171,171418.793338
fuseki_mem,1k,uri,fuseki_mem-1k-uri.uri,2,0,30.7,2.45153013443,0.3,0.0,0.3,0.0,12720529.6,12366.231206,12717182.72,12495.4617468
fuseki_mem,1k,uri,fuseki_mem-1k-uri.uri,3,0,32.4,3.2,0.3,0.0,0.3,0.0,12763964.8,13793.6231991,12760537.22,13397.2836185
fuseki_mem,30k,uri,fuseki_mem-30k-uri.uri,1,0,598.6,29.230805668,0.3,0.0,0.3,0.0,12133435.6,24062.9010022,12127917.6078,21768.6282738
fuseki_mem,30k,uri,fuseki_mem-30k-uri.uri,2,0,170.5,28.3169560511,0.3,0.0,0.3,0.0,12111712.0,6564.84772101,12109819.9604,4954.11597399
fuseki_mem,30k,uri,fuseki_mem-30k-uri.uri,3,0,171.5,22.7694971398,0.3,0.0,0.3,0.0,12065882.4,20520.3342039,12061017.3552,12430.2502665
fuseki_mem,30k,list,fuseki_mem-30k-list.list,1,10,63.4,11.5082579047,0.0,0.0,0.0,0.0,0.0,0.0,0.0,0.0
fuseki_mem,30k,list,fuseki_mem-30k-list.list,2,10,61.5,6.80073525437,0.0,0.0,0.0,0.0,0.0,0.0,0.0,0.0
fuseki_mem,30k,list,fuseki_mem-30k-list.list,3,10,57.2,2.03960780544,0.0,0.0,0.0,0.0,0.0,0.0,0.0,0.0
virtuoso,ghostbusters,prop_number,virtuoso-ghostbusters-prop_number.prop_number,1,0,119.0,20.56210106,1.9,0.0,1.9,1.08779196441e-16,4463269.6,819.676423963,4463202.13538,823.358117453
virtuoso,ghostbusters,prop_number,virtuoso-ghostbusters-prop_number.prop_number,2,0,16.6,2.28910462845,1.9,0.0,1.9,1.01753620973e-16,4464748.0,0.0,4464748.0,0.0
virtuoso,ghostbusters,prop_number,virtuoso-ghostbusters-prop_number.prop_number,3,0,19.4,2.87054001888,1.8,0.0,1.8,0.0,4464748.0,0.0,4464748.0,0.0
fuseki,30k,uri,fuseki-30k-uri.uri,1,0,251.9,39.9561009109,3.4,0.0,3.4,0.0,542502.4,20177.9885777,538498.446747,19008.6262686
fuseki,30k,uri,fuseki-30k-uri.uri,2,0,145.2,25.360599362,3.4,0.0,3.4,1.7763568394e-16,557951.6,8148.56678441,557082.613676,8026.85568811
fuseki,30k,uri,fuseki-30k-uri.uri,3,0,130.4,4.22374241639,3.4,0.0,3.4,2.03507241945e-16,527850.0,8360.64499904,526748.965934,8588.78388481
blazegraph,ghostbusters,seq,blazegraph-ghostbusters-seq.seq,1,0,135.0,14.0570267126,5.9,0.0,5.9,3.5527136788e-16,454997.2,3220.75173834,454542.226434,3210.83855549
blazegraph,ghostbusters,seq,blazegraph-ghostbusters-seq.seq,2,0,93.3,7.18401002226,5.82,0.04,5.817,0.0346554469023,454787.2,639.126403773,454648.733333,643.762546592
blazegraph,ghostbusters,seq,blazegraph-ghostbusters-seq.seq,3,0,92.6,7.4188947964,5.79,0.03,5.78318181818,0.0316260432487,452730.8,848.488632805,452583.576364,871.928469507
virtuoso,90k,prop_time,virtuoso-90k-prop_time.prop_time,1,0,314.7,37.4701214303,35.61,0.0830662386292,35.6088888889,0.0819213715163,4593042.4,4652.99531915,4592366.06528,4832.22320103
virtuoso,90k,prop_time,virtuoso-90k-prop_time.prop_time,2,0,36.4,5.1807335388,35.32,0.0979795897113,35.32,0.0979795897113,4600012.0,0.0,4600012.0,0.0
virtuoso,90k,prop_time,virtuoso-90k-prop_time.prop_time,3,0,32.7,1.41774468788,35.0,0.0774596669241,35.0,0.0774596669241,4600012.0,0.0,4600012.0,0.0
fuseki_mem,60k,list,fuseki_mem-60k-list.list,1,10,65.3,7.53724087448,0.0,0.0,0.0,0.0,0.0,0.0,0.0,0.0
fuseki_mem,60k,list,fuseki_mem-60k-list.list,2,10,56.3,8.22253002427,0.0,0.0,0.0,0.0,0.0,0.0,0.0,0.0
fuseki_mem,60k,list,fuseki_mem-60k-list.list,3,10,52.7,6.32534584035,0.0,0.0,0.0,0.0,0.0,0.0,0.0,0.0
virtuoso,30k,sop,virtuoso-30k-sop.sop,1,0,569.3,34.252153217,14.17,0.0458257569496,14.1564898746,0.0446690800227,4509201.6,5267.04811446,4508405.97948,5278.0193038
virtuoso,30k,sop,virtuoso-30k-sop.sop,2,0,427.5,17.3680741592,14.07,0.0458257569496,14.0621052632,0.0467681260874,4517280.0,0.0,4517280.0,0.0
virtuoso,30k,sop,virtuoso-30k-sop.sop,3,0,424.7,24.4951015511,13.96,0.0489897948557,13.9514634146,0.0487127578578,4517280.0,0.0,4517280.0,0.0
virtuoso,1k,uri,virtuoso-1k-uri.uri,1,0,30.0,3.19374388453,1.85,0.05,1.85,0.05,4439631.2,105.6,4439593.8,152.563298339
virtuoso,1k,uri,virtuoso-1k-uri.uri,2,0,19.8,2.89136645896,1.68,0.06,1.68,0.06,4439684.0,0.0,4439684.0,0.0
virtuoso,1k,uri,virtuoso-1k-uri.uri,3,0,19.6,2.10713075057,1.54,0.0489897948557,1.54,0.0489897948557,4439684.0,0.0,4439684.0,0.0
virtuoso,ghostbusters,uri,virtuoso-ghostbusters-uri.uri,1,0,154.8,21.4373505826,2.0,0.0,2.0,0.0,4459019.2,442.544641816,4458983.60835,446.978560301
virtuoso,ghostbusters,uri,virtuoso-ghostbusters-uri.uri,2,0,51.7,2.14709105536,2.0,0.0,1.99666666667,0.01,4459732.0,0.0,4459732.0,0.0
virtuoso,ghostbusters,uri,virtuoso-ghostbusters-uri.uri,3,0,57.6,7.67072356431,1.9,0.0,1.9,1.01753620973e-16,4459732.0,0.0,4459732.0,0.0
fuseki,ghostbusters,prop_time,fuseki-ghostbusters-prop_time.prop_time,1,0,204.2,155.739397713,2.39,0.03,2.36895833333,0.0363085016445,390239.2,249.138034029,390188.259677,148.473807143
fuseki,ghostbusters,prop_time,fuseki-ghostbusters-prop_time.prop_time,2,0,131.5,4.69574275275,2.4,0.0,2.4,0.0,385583.6,2298.66357695,384592.8,2573.46907649
fuseki,ghostbusters,prop_time,fuseki-ghostbusters-prop_time.prop_time,3,0,131.3,7.15611626513,2.42,0.04,2.40450549451,0.00973566837661,376474.0,3104.72684789,375748.726374,3357.41043432
fuseki,120k,prop_time,fuseki-120k-prop_time.prop_time,1,0,2143.0,317.280948057,8.28,0.0979795897113,8.26391466764,0.098783519015,2718530.0,52898.4722426,2697921.63421,47538.1286911
fuseki,120k,prop_time,fuseki-120k-prop_time.prop_time,2,0,1523.2,43.7625410597,8.56,0.0663324958071,8.54233853452,0.0602952343118,2467158.4,107641.424401,2457207.16,109679.547807
fuseki,120k,prop_time,fuseki-120k-prop_time.prop_time,3,0,1508.0,30.1264003824,8.78,0.0748331477355,8.7680143882,0.0650604856618,2130729.6,76268.6148441,2119620.14103,76739.0265319
virtuoso,ghostbusters,list,virtuoso-ghostbusters-list.list,1,0,581.6,33.1397042835,1.21,0.13,1.18169087974,0.124130632457,4457356.0,528.0,4457054.42549,926.319244876
virtuoso,ghostbusters,list,virtuoso-ghostbusters-list.list,2,0,467.7,11.679469166,1.56,0.0916515138991,1.53928743961,0.0920717990678,4458148.0,0.0,4458148.0,0.0
virtuoso,ghostbusters,list,virtuoso-ghostbusters-list.list,3,0,463.6,9.26498785752,1.84,0.0916515138991,1.82570305273,0.0813734272619,4458148.0,0.0,4458148.0,0.0
virtuoso,60k,seq,virtuoso-60k-seq.seq,1,0,479.4,39.2484394594,37.52,0.0979795897113,37.5109338061,0.0842168719142,4569863.2,2528.89401913,4569370.85116,2740.13488243
virtuoso,60k,seq,virtuoso-60k-seq.seq,2,0,309.2,8.62322445492,37.2,0.0774596669241,37.194,0.0795235814083,4573876.0,0.0,4573876.0,0.0
virtuoso,60k,seq,virtuoso-60k-seq.seq,3,0,309.4,9.66643677888,36.88,0.0979795897113,36.88,0.0979795897113,4573876.0,0.0,4573876.0,0.0
virtuoso,ghostbusters,sop,virtuoso-ghostbusters-sop.sop,1,0,238.6,28.2318968544,1.84,0.0489897948557,1.83177142857,0.0427512596783,4468576.0,1908.30186291,4468293.893,1912.26538623
virtuoso,ghostbusters,sop,virtuoso-ghostbusters-sop.sop,2,0,144.0,6.0,1.9,0.0,1.9,8.881784197e-17,4471612.0,0.0,4471612.0,0.0
virtuoso,ghostbusters,sop,virtuoso-ghostbusters-sop.sop,3,0,143.3,6.11637147335,1.9,0.0,1.9,6.66133814775e-17,4471612.0,0.0,4471612.0,0.0
fuseki,120k,sop,fuseki-120k-sop.sop,1,0,6083.3,502.273043274,12.0,0.244948974278,11.9460242969,0.250821605456,4714760.4,318002.475595,4667511.82924,308388.045883
fuseki,120k,sop,fuseki-120k-sop.sop,2,0,5204.0,210.743445924,12.76,0.224499443206,12.7257600276,0.221609278514,5024176.4,91939.531475,4981462.39387,88777.4309413
fuseki,120k,sop,fuseki-120k-sop.sop,3,0,5355.3,187.500426666,13.5,0.18973665961,13.4519210462,0.19960567772,5119822.8,103596.873421,5051828.20538,121172.090819
virtuoso,120k,seq,virtuoso-120k-seq.seq,1,0,858.8,50.6533315785,70.15,0.05,70.15,0.05,4799592.0,5046.47583963,4798808.25612,5026.61531365
virtuoso,120k,seq,virtuoso-120k-seq.seq,2,0,632.8,70.0268519926,69.95,0.05,69.95,0.05,4807512.0,0.0,4807512.0,0.0
virtuoso,120k,seq,virtuoso-120k-seq.seq,3,0,616.3,29.79949664,69.75,0.05,69.75,0.05,4807512.0,0.0,4807512.0,0.0
fuseki_mem,90k,uri,fuseki_mem-90k-uri.uri,1,0,1778.7,29.9,0.3,0.0,0.3,0.0,9810520.8,43883.3621975,9807206.90226,43423.7164692
fuseki_mem,90k,uri,fuseki_mem-90k-uri.uri,2,0,332.9,14.2579802216,0.3,0.0,0.3,0.0,9870634.4,427.67913206,9870543.02431,448.283776331
fuseki_mem,90k,uri,fuseki_mem-90k-uri.uri,3,0,353.2,24.9471441251,0.3,0.0,0.3,0.0,9857456.0,13983.8921048,9856557.60108,14352.5711577
fuseki_mem,1k,prop_time,fuseki_mem-1k-prop_time.prop_time,1,0,34.1,2.87923600978,0.3,0.0,0.3,0.0,12854814.4,4441.74711572,12854184.3,4143.72359237
fuseki_mem,1k,prop_time,fuseki_mem-1k-prop_time.prop_time,2,0,40.4,13.4402380931,0.3,0.0,0.3,0.0,12884292.0,11234.1688789,12881266.79,11738.1204876
fuseki_mem,1k,prop_time,fuseki_mem-1k-prop_time.prop_time,3,0,35.1,2.46779253585,0.3,0.0,0.3,0.0,12926970.4,11511.1370351,12923905.76,12159.2092913
virtuoso,60k,prop_time,virtuoso-60k-prop_time.prop_time,1,0,235.8,23.8277149555,13.84,0.0489897948557,13.8307407407,0.0453926627018,4525200.0,3033.12907737,4524791.96395,3196.09118915
virtuoso,60k,prop_time,virtuoso-60k-prop_time.prop_time,2,0,27.5,2.41867732449,13.65,0.05,13.65,0.05,4529952.0,0.0,4529952.0,0.0
virtuoso,60k,prop_time,virtuoso-60k-prop_time.prop_time,3,0,29.0,3.28633534503,13.45,0.05,13.45,0.05,4529952.0,0.0,4529952.0,0.0
blazegraph,90k,uri,blazegraph-90k-uri.uri,1,0,993.7,74.0743545365,16.34,0.0489897948557,16.3335264735,0.0429940411727,1586309.6,124734.566233,1563227.01877,123371.019416
blazegraph,90k,uri,blazegraph-90k-uri.uri,2,0,650.8,45.3757644564,16.4,0.0,16.4,0.0,1887883.2,51987.6681316,1878236.01329,52115.9360278
blazegraph,90k,uri,blazegraph-90k-uri.uri,3,0,645.7,27.3570831779,16.4,0.0,16.4,0.0,1921879.2,23732.6124175,1917526.63959,22235.6359467
fuseki,ghostbusters,prop_number,fuseki-ghostbusters-prop_number.prop_number,1,0,160.4,25.0247877114,2.67,0.0458257569496,2.66357142857,0.0456752065107,381661.6,4496.16198996,380508.729048,4585.00649052
fuseki,ghostbusters,prop_number,fuseki-ghostbusters-prop_number.prop_number,2,0,142.1,21.3,2.7,0.0,2.7,1.33226762955e-16,388260.8,2298.78493122,387274.191429,2333.08235005
fuseki,ghostbusters,prop_number,fuseki-ghostbusters-prop_number.prop_number,3,0,132.2,5.26877594893,2.7,0.0,2.7,1.7763568394e-16,382694.0,3434.59587142,381612.388791,2594.70659323
blazegraph,90k,prop_time,blazegraph-90k-prop_time.prop_time,1,0,882.6,44.0958047891,14.65,0.05,14.643552381,0.0533350008243,1788895.6,176733.774642,1763114.86809,183234.002912
blazegraph,90k,prop_time,blazegraph-90k-prop_time.prop_time,2,0,445.6,24.735399734,14.8,0.0,14.7916590909,0.0198860519456,2245246.8,87623.9561408,2229885.99208,90339.8088433
blazegraph,90k,prop_time,blazegraph-90k-prop_time.prop_time,3,0,457.0,24.4826469157,14.91,0.03,14.89790197,0.0224868149242,2447466.0,39610.1721582,2438250.02406,35645.9479339
blazegraph,60k,uri,blazegraph-60k-uri.uri,1,0,685.9,55.6928182085,14.18,0.04,14.1739635114,0.039182272534,1729256.0,7020.5966698,1727048.12229,3886.29063006
blazegraph,60k,uri,blazegraph-60k-uri.uri,2,0,424.6,24.7111310951,14.2,0.0,14.2,7.94410929039e-16,1754259.2,8207.65960308,1753102.07987,8131.01187816
blazegraph,60k,uri,blazegraph-60k-uri.uri,3,0,422.5,20.3039405042,14.2,0.0,14.2,8.1402896778e-16,1750454.0,12807.9040908,1748671.9,11977.6037541
virtuoso,30k,prop_time,virtuoso-30k-prop_time.prop_time,1,0,171.9,14.1876707038,1.9,0.0,1.9,1.01753620973e-16,4474516.0,1516.56453869,4474338.28098,1500.91601466
virtuoso,30k,prop_time,virtuoso-30k-prop_time.prop_time,2,0,20.7,1.55241746963,1.9,0.0,1.9,1.01753620973e-16,4476892.0,0.0,4476892.0,0.0
virtuoso,30k,prop_time,virtuoso-30k-prop_time.prop_time,3,0,22.6,2.15406592285,1.9,0.0,1.9,1.08779196441e-16,4476892.0,0.0,4476892.0,0.0
fuseki_mem,1k,sop,fuseki_mem-1k-sop.sop,1,0,76.1,7.20347138538,0.3,0.0,0.3,0.0,13117110.0,14702.1225406,13113269.7397,14793.9605085
fuseki_mem,1k,sop,fuseki_mem-1k-sop.sop,2,0,68.0,4.42718872424,0.3,0.0,0.3,0.0,13175184.0,22330.3803102,13170977.9143,22370.3148337
fuseki_mem,1k,sop,fuseki_mem-1k-sop.sop,3,0,68.1,5.46717477313,0.3,0.0,0.3,0.0,13236885.6,14828.7690332,13232576.3214,14749.815809
fuseki_mem,60k,prop_number,fuseki_mem-60k-prop_number.prop_number,1,0,1483.4,29.2136954184,0.3,0.0,0.3,0.0,9761227.2,27403.8870119,9750982.46726,15032.7155161
fuseki_mem,60k,prop_number,fuseki_mem-60k-prop_number.prop_number,2,0,498.3,31.054951296,0.3,0.0,0.3,0.0,9760210.0,4519.93318535,9759273.84583,5136.95303569
fuseki_mem,60k,prop_number,fuseki_mem-60k-prop_number.prop_number,3,0,493.6,43.2092582672,0.3,0.0,0.3,0.0,9703818.8,24408.1769282,9699749.96956,24350.6456925
blazegraph,30k,prop_number,blazegraph-30k-prop_number.prop_number,1,0,315.5,16.5544555936,10.48,0.04,10.4725837509,0.0384484858262,941683.6,6640.69404806,938617.977943,6658.47460515
blazegraph,30k,prop_number,blazegraph-30k-prop_number.prop_number,2,0,190.7,12.5383411981,10.5,0.0,10.5,0.0,896011.2,19473.9338234,891978.500093,19269.1802039
blazegraph,30k,prop_number,blazegraph-30k-prop_number.prop_number,3,0,200.0,15.9874951134,10.53,0.0458257569496,10.5152923977,0.0249646821423,840394.8,12401.7241447,836645.384871,13109.2828892
blazegraph,120k,list,blazegraph-120k-list.list,1,0,183967.4,9203.07807421,18.23,0.0458257569496,18.2058005125,0.0154956611072,4253914.4,142322.62751,4191794.09824,124877.321325
blazegraph,120k,list,blazegraph-120k-list.list,2,0,178838.9,7535.04037746,18.34,0.0489897948557,18.3168941247,0.0313244470406,3078692.8,561448.534614,2902999.19375,602732.887161
blazegraph,120k,list,blazegraph-120k-list.list,3,0,178262.2,8524.26991361,18.47,0.0458257569496,18.4560512158,0.0452199474841,2411931.6,203503.650707,2365961.9535,222344.648427
fuseki_mem,120k,sop,fuseki_mem-120k-sop.sop,1,0,7692.4,232.948578017,0.4,0.0,0.4,3.6821932063e-17,12358638.0,193152.018417,12318380.8083,191780.892294
fuseki_mem,120k,sop,fuseki_mem-120k-sop.sop,2,0,6969.4,378.990817831,0.4,0.0,0.4,0.0,12819825.6,126751.923368,12800943.9068,124885.78261
fuseki_mem,120k,sop,fuseki_mem-120k-sop.sop,3,0,6920.1,235.888723766,0.4,0.0,0.4,0.0,13221971.2,83008.5830126,13205482.6092,91944.6660154
blazegraph,1k,prop_number,blazegraph-1k-prop_number.prop_number,1,0,41.3,4.71274866718,4.79,0.07,4.79,0.07,482519.2,187.631980217,482488.306667,202.828935477
blazegraph,1k,prop_number,blazegraph-1k-prop_number.prop_number,2,0,46.0,6.0,4.6,0.0632455532034,4.6,0.0632455532034,478081.2,3119.9441277,477571.866667,2695.6195874
blazegraph,1k,prop_number,blazegraph-1k-prop_number.prop_number,3,0,37.3,4.8795491595,4.42,0.06,4.42,0.06,477097.2,216.894813216,477084.72,217.861445878
blazegraph,120k,seq,blazegraph-120k-seq.seq,1,0,1413.5,91.0991218399,18.7,0.0,18.7,0.0,2039552.4,107898.673719,2015459.67807,99683.2868318
blazegraph,120k,seq,blazegraph-120k-seq.seq,2,0,947.8,63.4536050985,18.77,0.0458257569496,18.760141998,0.04427740795,2235573.2,22584.7535156,2213597.94193,27329.5015168
blazegraph,120k,seq,blazegraph-120k-seq.seq,3,0,881.0,38.1234835764,18.8,0.0,18.8,0.0,2138501.6,45592.0012353,2125817.98617,46921.8597091
fuseki,90k,prop_time,fuseki-90k-prop_time.prop_time,1,0,1307.1,321.602067779,5.79,0.0943398113206,5.78007418525,0.0922483027461,1382866.4,167756.360039,1357412.66783,173295.134124
fuseki,90k,prop_time,fuseki-90k-prop_time.prop_time,2,0,755.0,24.9919987196,5.98,0.04,5.97151260504,0.0413176280535,1667234.4,39066.4784878,1660544.09044,37254.0202956
fuseki,90k,prop_time,fuseki-90k-prop_time.prop_time,3,0,749.8,33.9552646875,6.09,0.03,6.08029411765,0.0349690916417,1543664.0,75665.0208643,1531632.04667,75234.2867478
blazegraph,ghostbusters,sop,blazegraph-ghostbusters-sop.sop,1,0,480.2,48.5402925414,5.92,0.124899959968,5.89451584736,0.119965509062,604250.8,89244.7796488,590601.320843,85537.9890854
blazegraph,ghostbusters,sop,blazegraph-ghostbusters-sop.sop,2,0,410.4,18.0676506497,6.25,0.080622577483,6.22924161756,0.0819785480563,856379.6,46157.177399,844972.387526,49036.1741616
blazegraph,ghostbusters,sop,blazegraph-ghostbusters-sop.sop,3,0,419.5,19.7952014387,6.52,0.0748331477355,6.51131578947,0.0739098987294,845004.0,28117.4975842,840306.502304,28478.02008
fuseki,60k,prop_time,fuseki-60k-prop_time.prop_time,1,0,1005.7,213.188203238,4.98,0.0748331477355,4.94807682993,0.0815802295094,1503393.2,66171.065678,1495562.85502,63935.8008415
fuseki,60k,prop_time,fuseki-60k-prop_time.prop_time,2,0,504.8,20.4880452948,5.12,0.04,5.10934042553,0.021390006255,1599124.8,10853.6899237,1596366.80219,10020.6191535
fuseki,60k,prop_time,fuseki-60k-prop_time.prop_time,3,0,520.4,35.6964984277,5.2,0.0,5.2,2.6645352591e-16,1483619.2,52775.7562765,1481125.0225,52317.4151681
fuseki_mem,ghostbusters,sop,fuseki_mem-ghostbusters-sop.sop,1,0,574.1,21.4916262763,0.3,0.0,0.3,0.0,12490783.2,61457.8470902,12480067.5679,56665.4861268
fuseki_mem,ghostbusters,sop,fuseki_mem-ghostbusters-sop.sop,2,0,512.0,20.0648947169,0.3,0.0,0.3,0.0,12388882.8,31908.1590093,12382801.6061,29938.6699863
fuseki_mem,ghostbusters,sop,fuseki_mem-ghostbusters-sop.sop,3,0,524.9,38.0747948123,0.3,0.0,0.3,0.0,12331026.4,26563.4269596,12326789.095,25640.5072739
fuseki,ghostbusters,sop,fuseki-ghostbusters-sop.sop,1,0,447.7,24.2406683076,2.79,0.07,2.7711627907,0.055806201012,494049.2,53380.9947318,484423.49228,54312.1116293
fuseki,ghostbusters,sop,fuseki-ghostbusters-sop.sop,2,0,403.1,45.948775827,2.95,0.05,2.94214035088,0.0468274370884,582161.6,9526.70305195,578725.413871,10005.9225885
fuseki,ghostbusters,sop,fuseki-ghostbusters-sop.sop,3,0,401.5,55.0549725275,3.09,0.0538516480713,3.07058513709,0.0448437851498,539012.0,7729.35267665,536295.771674,7662.24339114
fuseki,90k,sop,fuseki-90k-sop.sop,1,0,4416.8,409.531390738,10.21,0.216564078277,10.1679897141,0.213031419537,3024916.8,604946.039108,2918495.5245,584928.206232
fuseki,90k,sop,fuseki-90k-sop.sop,2,0,3657.5,156.375989206,10.8,0.141421356237,10.7696417999,0.145388427027,4667543.6,238654.495687,4590695.95154,300754.807868
fuseki,90k,sop,fuseki-90k-sop.sop,3,0,3488.6,186.302549634,11.28,0.124899959968,11.2517120156,0.12975190075,4777678.0,103075.74725,4751154.83204,104738.979751
blazegraph,1k,uri,blazegraph-1k-uri.uri,1,0,42.4,4.69467783772,6.48,0.124899959968,6.46916666667,0.127695927891,485731.2,1267.95684469,485628.04,1145.35495214
blazegraph,1k,uri,blazegraph-1k-uri.uri,2,0,44.7,5.44150714417,6.04,0.111355287257,6.036,0.109836241742,486270.4,11.7575507654,486270.4,11.7575507654
blazegraph,1k,uri,blazegraph-1k-uri.uri,3,0,35.5,7.11688133946,5.76,0.0916515138991,5.76,0.0916515138991,486306.4,59.2270208604,486297.333333,33.1622275086
fuseki,60k,sop,fuseki-60k-sop.sop,1,0,2793.5,124.081626359,7.03,0.167630546142,7.00757757547,0.175139422812,1913651.6,380585.962328,1854806.22595,391332.208754
fuseki,60k,sop,fuseki-60k-sop.sop,2,0,2289.7,50.8134824628,7.52,0.124899959968,7.49102984133,0.118965718134,2683513.2,61713.5549208,2664837.46654,60779.5853658
fuseki,60k,sop,fuseki-60k-sop.sop,3,0,2300.8,54.6786978631,7.91,0.13,7.88447405335,0.116886934003,2745941.2,68272.4192874,2731520.79194,68414.8026764
fuseki,120k,seq,fuseki-120k-seq.seq,1,0,1341.6,89.6127223111,8.91,0.07,8.89794569246,0.0668222499751,1728717.6,146216.570861,1703925.1964,140141.394772
fuseki,120k,seq,fuseki-120k-seq.seq,2,0,573.1,21.1255769152,9.0,0.0,9.0,0.0,1973373.6,19257.1977359,1971386.68224,18987.1332994
fuseki,120k,seq,fuseki-120k-seq.seq,3,0,600.5,37.6782430588,9.0,0.0,9.0,0.0,1958954.8,35090.79296,1955758.81337,34968.5795396
fuseki_mem,60k,uri,fuseki_mem-60k-uri.uri,1,0,1229.0,86.679870789,0.3,0.0,0.3,0.0,10688454.4,57217.590979,10676302.0485,57563.1306874
fuseki_mem,60k,uri,fuseki_mem-60k-uri.uri,2,0,259.5,17.4312936984,0.3,0.0,0.3,0.0,10512727.6,30933.2178966,10507351.8534,34329.8496492
fuseki_mem,60k,uri,fuseki_mem-60k-uri.uri,3,0,253.2,15.7085963727,0.3,0.0,0.3,0.0,10411428.0,24760.6383763,10407428.9282,25576.694158
virtuoso,90k,sop,virtuoso-90k-sop.sop,1,0,1509.6,89.3970916753,68.95,0.05,68.95,0.05,4863928.8,34266.3559218,4857863.25418,27728.3110877
virtuoso,90k,sop,virtuoso-90k-sop.sop,2,0,1320.6,83.9359279451,68.77,0.0640312423743,68.7662204724,0.0569726802228,4953240.0,0.0,4953240.0,0.0
virtuoso,90k,sop,virtuoso-90k-sop.sop,3,0,1265.1,70.8850477887,68.59,0.07,68.5894957983,0.0692196764242,4953240.0,0.0,4953240.0,0.0
fuseki,60k,list,fuseki-60k-list.list,1,10,111.7,121.515472266,0.0,0.0,0.0,0.0,0.0,0.0,0.0,0.0
fuseki,60k,list,fuseki-60k-list.list,2,10,66.3,3.13209195267,0.0,0.0,0.0,0.0,0.0,0.0,0.0,0.0
fuseki,60k,list,fuseki-60k-list.list,3,10,68.2,6.82348884369,0.0,0.0,0.0,0.0,0.0,0.0,0.0,0.0
virtuoso,90k,list,virtuoso-90k-list.list,1,0,111266.6,720.687477344,40.86,2.90351511103,40.3169022965,2.95861996129,4631296.0,3900.14768951,4628198.37972,8707.72535208
virtuoso,90k,list,virtuoso-90k-list.list,2,0,109927.1,1093.16242617,49.36,2.04948774088,48.9783548643,2.07625933173,4637339.6,67.8221202853,4637338.74856,67.3108953383
virtuoso,90k,list,virtuoso-90k-list.list,3,0,108722.1,1423.74832397,55.49,1.51753088931,55.2190150542,1.53807432733,4637384.0,0.0,4637384.0,0.0
fuseki_mem,90k,list,fuseki_mem-90k-list.list,1,10,59.9,9.35360892918,0.0,0.0,0.0,0.0,0.0,0.0,0.0,0.0
fuseki_mem,90k,list,fuseki_mem-90k-list.list,2,10,66.9,18.3709009033,0.0,0.0,0.0,0.0,0.0,0.0,0.0,0.0
fuseki_mem,90k,list,fuseki_mem-90k-list.list,3,10,64.0,8.9888820217,0.0,0.0,0.0,0.0,0.0,0.0,0.0,0.0
virtuoso,90k,prop_number,virtuoso-90k-prop_number.prop_number,1,0,297.3,68.5172241119,55.91,0.0830662386292,55.91,0.0830662386292,4670595.2,3695.6228379,4670178.86741,3718.22961083
virtuoso,90k,prop_number,virtuoso-90k-prop_number.prop_number,2,0,29.7,1.84661853126,55.63,0.09,55.63,0.09,4676456.0,0.0,4676456.0,0.0
virtuoso,90k,prop_number,virtuoso-90k-prop_number.prop_number,3,0,33.8,5.92958683215,55.34,0.0916515138991,55.34,0.0916515138991,4676456.0,0.0,4676456.0,0.0
fuseki,1k,seq,fuseki-1k-seq.seq,1,0,42.9,39.141921261,2.82,0.06,2.82,0.06,407167.2,13857.2327165,404285.763333,13624.3918449
fuseki,1k,seq,fuseki-1k-seq.seq,2,0,34.5,4.0062451248,2.69,0.03,2.6825,0.0354436171969,402937.6,8774.59062521,399689.42,9665.53036536
fuseki,1k,seq,fuseki-1k-seq.seq,3,0,34.3,3.16385840391,2.57,0.0458257569496,2.566,0.0447660585712,391658.8,6395.82715214,389072.56,5016.06215416
blazegraph,1k,prop_time,blazegraph-1k-prop_time.prop_time,1,0,63.4,21.0057135085,3.4,0.141421356237,3.3433982684,0.167009976712,299640.4,25278.8401917,295336.989437,23434.0786165
blazegraph,1k,prop_time,blazegraph-1k-prop_time.prop_time,2,0,52.6,5.12249938995,3.71,0.104403065089,3.69428571429,0.098418330612,387604.0,22115.0237441,384217.304762,21683.7278582
blazegraph,1k,prop_time,blazegraph-1k-prop_time.prop_time,3,0,39.8,6.14491659829,3.41,0.0830662386292,3.406,0.0795235814083,436473.2,10331.5595802,436462.96,10318.8656186
fuseki_mem,30k,sop,fuseki_mem-30k-sop.sop,1,0,1905.6,106.40883422,0.3,0.0,0.3,0.0,11809981.2,48105.6606748,11800693.138,53909.9480068
fuseki_mem,30k,sop,fuseki_mem-30k-sop.sop,2,0,1671.5,65.7620711353,0.3,0.0,0.3,0.0,11582890.8,71771.8466041,11563761.1961,74852.0237762
fuseki_mem,30k,sop,fuseki_mem-30k-sop.sop,3,0,1733.4,120.640954903,0.3,0.0,0.3,0.0,11308515.2,79105.860148,11292609.1058,77633.7975499
fuseki,30k,list,fuseki-30k-list.list,1,10,117.4,127.000944878,0.0,0.0,0.0,0.0,0.0,0.0,0.0,0.0
fuseki,30k,list,fuseki-30k-list.list,2,10,66.5,3.52845575288,0.0,0.0,0.0,0.0,0.0,0.0,0.0,0.0
fuseki,30k,list,fuseki-30k-list.list,3,10,73.8,12.1967208708,0.0,0.0,0.0,0.0,0.0,0.0,0.0,0.0
fuseki_mem,90k,prop_number,fuseki_mem-90k-prop_number.prop_number,1,0,2257.3,41.4175083751,0.3,0.0,0.3,0.0,9881323.2,29123.9632907,9874816.68076,26758.8277449
fuseki_mem,90k,prop_number,fuseki_mem-90k-prop_number.prop_number,2,0,672.3,32.975900291,0.3,0.0,0.3,0.0,9927677.6,14184.7771022,9926320.03539,14762.6443738
fuseki_mem,90k,prop_number,fuseki_mem-90k-prop_number.prop_number,3,0,689.0,50.5430509566,0.3,0.0,0.3,0.0,9827641.6,34654.9551181,9822395.31816,37206.4270402
virtuoso,120k,list,virtuoso-120k-list.list,1,0,210447.6,2105.66460767,58.26,2.207351354,57.8497974548,2.24174204079,4764654.4,5077.45548873,4761840.44819,8025.50238847
virtuoso,120k,list,virtuoso-120k-list.list,2,0,206951.9,6991.27245142,64.6,1.52315462117,64.329874754,1.53949450215,4772623.6,13.2,4772619.20023,17.5995346947
virtuoso,120k,list,virtuoso-120k-list.list,3,0,207735.4,7745.30911197,69.19,1.13176852757,68.970609723,1.13917799958,4772668.0,0.0,4772664.65542,10.0337289194
blazegraph,120k,prop_time,blazegraph-120k-prop_time.prop_time,1,0,1092.8,95.9091236536,18.0,0.04472135955,17.9921304809,0.0386760442098,4926308.4,97747.8375814,4914834.5525,96338.469585
blazegraph,120k,prop_time,blazegraph-120k-prop_time.prop_time,2,0,566.7,23.0262893233,18.1,0.0,18.1,0.0,4570968.8,83648.8589244,4564665.74864,79509.8382586
blazegraph,120k,prop_time,blazegraph-120k-prop_time.prop_time,3,0,575.0,27.9749888293,18.2,0.0,18.1935285714,0.0161616893944,4335240.8,84500.7067388,4322694.08763,76681.701735
blazegraph,ghostbusters,prop_number,blazegraph-ghostbusters-prop_number.prop_number,1,0,121.3,9.45568612,5.72,0.04,5.70772727273,0.0162686637892,472451.2,13251.5416522,471035.785415,13344.319285
blazegraph,ghostbusters,prop_number,blazegraph-ghostbusters-prop_number.prop_number,2,0,78.0,5.11859355683,5.7,0.0,5.7,0.0,482751.2,2363.1320234,482147.344444,2607.0358624
blazegraph,ghostbusters,prop_number,blazegraph-ghostbusters-prop_number.prop_number,3,0,76.8,8.49470423264,5.7,0.0,5.7,0.0,470018.8,4984.24334879,469104.219048,5066.47469025
fuseki_mem,120k,prop_time,fuseki_mem-120k-prop_time.prop_time,1,0,3225.8,98.0752772109,0.4,0.0,0.4,0.0,10740124.0,34570.140503,10731971.4351,33266.4970864
fuseki_mem,120k,prop_time,fuseki_mem-120k-prop_time.prop_time,2,0,743.7,27.6407308152,0.4,0.0,0.4,0.0,10630883.2,46310.4529298,10624626.757,45255.2595753
fuseki_mem,120k,prop_time,fuseki_mem-120k-prop_time.prop_time,3,0,786.1,62.3529470033,0.4,0.0,0.4,0.0,10455896.0,57781.7898788,10444272.7033,57216.0339365
blazegraph,1k,sop,blazegraph-1k-sop.sop,1,0,111.1,24.2134260277,4.89,0.207123151772,4.85727389277,0.219365123572,468109.2,6265.56329152,467202.777933,6341.99436841
blazegraph,1k,sop,blazegraph-1k-sop.sop,2,0,107.3,9.32791509395,5.1,0.0,5.1,0.0,460590.4,2294.56415033,460003.40303,2414.94373556
blazegraph,1k,sop,blazegraph-1k-sop.sop,3,0,111.5,14.242541908,5.1,0.0,5.1,0.0,449139.2,3249.34888247,448877.00028,3118.96109971
fuseki,ghostbusters,seq,fuseki-ghostbusters-seq.seq,1,0,142.9,13.5827095971,2.7,0.0,2.7,1.33226762955e-16,401704.8,732.403823038,401471.253526,668.136283505
fuseki,ghostbusters,seq,fuseki-ghostbusters-seq.seq,2,0,89.4,6.11882341631,2.7,0.0,2.7,0.0,399197.2,1879.30289203,398759.849697,2056.2328397
fuseki,ghostbusters,seq,fuseki-ghostbusters-seq.seq,3,0,88.0,5.53172667438,2.67,0.0458257569496,2.663,0.0460543157587,390254.8,7893.55748443,388981.742222,8223.18560477
blazegraph,120k,sop,blazegraph-120k-sop.sop,1,0,5096.9,403.723283946,20.53,0.167630546142,20.4992534932,0.167378778212,5694074.0,46038.2690987,5673239.83883,72325.9766003
blazegraph,120k,sop,blazegraph-120k-sop.sop,2,0,4506.1,232.623064205,21.05,0.15,21.027579253,0.136132247624,5887464.0,51870.7068932,5884181.52204,51727.0440403
blazegraph,120k,sop,blazegraph-120k-sop.sop,3,0,4599.0,386.260792729,21.55,0.15,21.5205014076,0.135347775027,5908351.2,336.141874809,5908042.50515,1019.34827197
fuseki_mem,120k,seq,fuseki_mem-120k-seq.seq,1,0,2572.4,86.9599908004,0.4,0.0,0.4,2.22044604925e-17,10635554.4,33748.0056513,10629195.8191,34836.8977496
fuseki_mem,120k,seq,fuseki_mem-120k-seq.seq,2,0,474.3,42.3037823368,0.4,0.0,0.4,1.66533453694e-17,10680116.4,288.324539365,10680020.1534,380.0681297
fuseki_mem,120k,seq,fuseki_mem-120k-seq.seq,3,0,446.0,20.0399600798,0.4,0.0,0.4,0.0,10679250.0,2.0,10679249.8737,1.90744277768
blazegraph,1k,list,blazegraph-1k-list.list,1,0,1875.5,971.082617495,4.46,0.486209831246,4.36452430249,0.536048986331,466675.2,6401.83943566,465450.750366,7090.62231682
blazegraph,1k,list,blazegraph-1k-list.list,2,0,1617.2,551.983840343,4.96,0.0489897948557,4.93436571509,0.0372111699413,464015.2,5752.32900311,463040.180697,5135.1355178
blazegraph,1k,list,blazegraph-1k-list.list,3,0,2275.8,806.254153478,6.3,0.532916503779,6.21172868187,0.572424990642,488349.6,14469.3502494,484871.636989,12898.6369106
fuseki,1k,prop_time,fuseki-1k-prop_time.prop_time,1,0,180.6,401.618525469,4.97,0.0640312423743,4.82680952381,0.263133485692,283480.8,32762.4436109,273204.649206,36035.5167258
fuseki,1k,prop_time,fuseki-1k-prop_time.prop_time,2,0,46.1,5.82151183113,4.68,0.227156333832,4.64971428571,0.217204690444,339490.8,12073.1465393,336842.072381,13242.8981951
fuseki,1k,prop_time,fuseki-1k-prop_time.prop_time,3,0,43.1,4.90815647672,3.92,0.166132477258,3.90833333333,0.170497637651,352526.4,3252.2726577,350593.113333,3571.57020931
fuseki,30k,seq,fuseki-30k-seq.seq,1,0,374.3,99.117152905,3.47,0.0458257569496,3.46055913978,0.0444345208022,631236.8,48037.5591986,622506.2494,51113.340818
fuseki,30k,seq,fuseki-30k-seq.seq,2,0,172.8,20.6436430893,3.5,0.0,3.5,0.0,695834.4,1761.75022066,695376.456961,1892.51464702
fuseki,30k,seq,fuseki-30k-seq.seq,3,0,170.8,7.7045441137,3.5,0.0,3.5,0.0,681895.6,9292.38112865,679981.775515,9570.33989752
fuseki_mem,120k,prop_number,fuseki_mem-120k-prop_number.prop_number,1,0,3077.8,67.2975482466,0.4,0.0,0.4,0.0,10731811.6,29527.8168756,10727605.2195,29376.5334349
fuseki_mem,120k,prop_number,fuseki_mem-120k-prop_number.prop_number,2,0,818.3,68.5040874693,0.4,0.0,0.4,1.66533453694e-17,10767044.8,501.698873828,10766950.6616,415.401270639
fuseki_mem,120k,prop_number,fuseki_mem-120k-prop_number.prop_number,3,0,823.9,40.0985037127,0.4,0.0,0.4,0.0,10768194.8,518.508784882,10768139.4714,491.808595195
fuseki_mem,30k,prop_number,fuseki_mem-30k-prop_number.prop_number,1,0,764.3,36.4089274767,0.3,0.0,0.3,0.0,11965735.2,11604.9284427,11964296.9554,10899.9308333
fuseki_mem,30k,prop_number,fuseki_mem-30k-prop_number.prop_number,2,0,271.3,20.1992574121,0.3,0.0,0.3,0.0,11924531.6,16028.4295875,11919903.5445,14097.8726628
fuseki_mem,30k,prop_number,fuseki_mem-30k-prop_number.prop_number,3,0,282.5,27.8037767219,0.3,0.0,0.3,0.0,11894882.4,12980.7147045,11894102.7815,12805.655955
virtuoso,60k,list,virtuoso-60k-list.list,1,0,50369.8,260.595778937,19.6,3.06594194335,19.0298911371,3.11098933174,4544885.2,2701.47399765,4543341.62845,4403.32763067
virtuoso,60k,list,virtuoso-60k-list.list,2,0,49856.4,394.723751502,28.84,2.29921725811,28.4288471578,2.31792396784,4549218.4,129.333058419,4549203.4272,124.829673622
virtuoso,60k,list,virtuoso-60k-list.list,3,0,50087.4,433.372634115,35.93,1.80944742947,35.593141286,1.82818622342,4549324.0,0.0,4549324.0,0.0
virtuoso,120k,prop_time,virtuoso-120k-prop_time.prop_time,1,0,413.6,32.8426551911,54.35,0.080622577483,54.35,0.080622577483,4726589.6,6025.27588082,4725661.5863,6224.81594384
virtuoso,120k,prop_time,virtuoso-120k-prop_time.prop_time,2,0,38.1,2.77308492477,54.08,0.0748331477355,54.08,0.0748331477355,4735856.0,0.0,4735856.0,0.0
virtuoso,120k,prop_time,virtuoso-120k-prop_time.prop_time,3,0,38.2,2.27156333832,53.8,0.0774596669241,53.8,0.0774596669241,4735856.0,0.0,4735856.0,0.0
